{
    "0": {
        "precision": 0.8955223880597015,
        "recall": 0.8,
        "f1-score": 0.8450704225352113,
        "support": 75
    },
    "1": {
        "precision": 0.9733570159857904,
        "recall": 0.9873873873873874,
        "f1-score": 0.9803220035778175,
        "support": 555
    },
    "accuracy": 0.9650793650793651,
    "macro avg": {
        "precision": 0.934439702022746,
        "recall": 0.8936936936936937,
        "f1-score": 0.9126962130565144,
        "support": 630
    },
    "weighted avg": {
        "precision": 0.9640909888517322,
        "recall": 0.9650793650793651,
        "f1-score": 0.9642206248822691,
        "support": 630
    }
}