{
    "0": {
        "precision": 0.8923076923076924,
        "recall": 0.7341772151898734,
        "f1-score": 0.8055555555555556,
        "support": 79
    },
    "1": {
        "precision": 0.96,
        "recall": 0.9863013698630136,
        "f1-score": 0.9729729729729729,
        "support": 511
    },
    "accuracy": 0.9525423728813559,
    "macro avg": {
        "precision": 0.9261538461538461,
        "recall": 0.8602392925264435,
        "f1-score": 0.8892642642642643,
        "support": 590
    },
    "weighted avg": {
        "precision": 0.950936114732725,
        "recall": 0.9525423728813559,
        "f1-score": 0.9505560645391153,
        "support": 590
    }
}