{
    "0": {
        "precision": 0.8,
        "recall": 0.8888888888888888,
        "f1-score": 0.8421052631578948,
        "support": 72
    },
    "1": {
        "precision": 0.9858156028368794,
        "recall": 0.972027972027972,
        "f1-score": 0.9788732394366197,
        "support": 572
    },
    "accuracy": 0.9627329192546584,
    "macro avg": {
        "precision": 0.8929078014184397,
        "recall": 0.9304584304584305,
        "f1-score": 0.9104892512972573,
        "support": 644
    },
    "weighted avg": {
        "precision": 0.9650411876128805,
        "recall": 0.9627329192546584,
        "f1-score": 0.9635824097905512,
        "support": 644
    }
}