{
    "0": {
        "precision": 0.7647058823529411,
        "recall": 0.9027777777777778,
        "f1-score": 0.8280254777070064,
        "support": 72
    },
    "1": {
        "precision": 0.9874776386404294,
        "recall": 0.965034965034965,
        "f1-score": 0.9761273209549072,
        "support": 572
    },
    "accuracy": 0.9580745341614907,
    "macro avg": {
        "precision": 0.8760917604966852,
        "recall": 0.9339063714063713,
        "f1-score": 0.9020763993309568,
        "support": 644
    },
    "weighted avg": {
        "precision": 0.9625714795523872,
        "recall": 0.9580745341614907,
        "f1-score": 0.9595693509023467,
        "support": 644
    }
}