{
    "0": {
        "precision": 0.875,
        "recall": 0.84,
        "f1-score": 0.8571428571428572,
        "support": 75
    },
    "1": {
        "precision": 0.978494623655914,
        "recall": 0.9837837837837838,
        "f1-score": 0.981132075471698,
        "support": 555
    },
    "accuracy": 0.9666666666666667,
    "macro avg": {
        "precision": 0.926747311827957,
        "recall": 0.9118918918918919,
        "f1-score": 0.9191374663072776,
        "support": 630
    },
    "weighted avg": {
        "precision": 0.9661738351254481,
        "recall": 0.9666666666666667,
        "f1-score": 0.9663714542420742,
        "support": 630
    }
}