{
    "0": {
        "precision": 0.8857142857142857,
        "recall": 0.7848101265822784,
        "f1-score": 0.8322147651006712,
        "support": 79
    },
    "1": {
        "precision": 0.9673076923076923,
        "recall": 0.9843444227005871,
        "f1-score": 0.9757516973811833,
        "support": 511
    },
    "accuracy": 0.9576271186440678,
    "macro avg": {
        "precision": 0.926510989010989,
        "recall": 0.8845772746414328,
        "f1-score": 0.9039832312409273,
        "support": 590
    },
    "weighted avg": {
        "precision": 0.9563824734587446,
        "recall": 0.9576271186440678,
        "f1-score": 0.9565323454317588,
        "support": 590
    }
}