{
    "Rule": {
        "precision": 0.8220338983050848,
        "recall": 0.8818181818181818,
        "f1-score": 0.8508771929824562,
        "support": 110
    },
    "Prec": {
        "precision": 0.8295454545454546,
        "recall": 0.8588235294117647,
        "f1-score": 0.8439306358381502,
        "support": 85
    },
    "Itpr": {
        "precision": 0.5217391304347826,
        "recall": 0.5217391304347826,
        "f1-score": 0.5217391304347826,
        "support": 69
    },
    "Princ": {
        "precision": 0.14285714285714285,
        "recall": 0.041666666666666664,
        "f1-score": 0.06451612903225806,
        "support": 24
    },
    "Class": {
        "precision": 0.6,
        "recall": 0.21428571428571427,
        "f1-score": 0.3157894736842105,
        "support": 14
    },
    "Aut": {
        "precision": 0.5454545454545454,
        "recall": 0.46153846153846156,
        "f1-score": 0.4999999999999999,
        "support": 13
    },
    "Syst": {
        "precision": 0.5,
        "recall": 0.3333333333333333,
        "f1-score": 0.4,
        "support": 3
    },
    "Tele": {
        "precision": 0.0,
        "recall": 0.0,
        "f1-score": 0.0,
        "support": 4
    },
    "micro avg": {
        "precision": 0.7233333333333334,
        "recall": 0.6739130434782609,
        "f1-score": 0.697749196141479,
        "support": 322
    },
    "macro avg": {
        "precision": 0.4952037714496263,
        "recall": 0.4141506271861131,
        "f1-score": 0.4371065702464822,
        "support": 322
    },
    "weighted avg": {
        "precision": 0.6750142017683338,
        "recall": 0.6739130434782609,
        "f1-score": 0.6677019720579692,
        "support": 322
    },
    "samples avg": {
        "precision": 0.7343957503320052,
        "recall": 0.6938911022576361,
        "f1-score": 0.695883134130146,
        "support": 322
    }
}