{
    "Rule": {
        "precision": 0.9212598425196851,
        "recall": 0.9285714285714286,
        "f1-score": 0.924901185770751,
        "support": 126
    },
    "Prec": {
        "precision": 0.961038961038961,
        "recall": 0.9736842105263158,
        "f1-score": 0.9673202614379085,
        "support": 76
    },
    "Itpr": {
        "precision": 0.5681818181818182,
        "recall": 0.4807692307692308,
        "f1-score": 0.5208333333333334,
        "support": 52
    },
    "Princ": {
        "precision": 0.34615384615384615,
        "recall": 0.5,
        "f1-score": 0.40909090909090906,
        "support": 18
    },
    "Class": {
        "precision": 0.2857142857142857,
        "recall": 0.16,
        "f1-score": 0.20512820512820512,
        "support": 25
    },
    "Aut": {
        "precision": 0.46153846153846156,
        "recall": 0.5,
        "f1-score": 0.48000000000000004,
        "support": 12
    },
    "Syst": {
        "precision": 0.6666666666666666,
        "recall": 0.3333333333333333,
        "f1-score": 0.4444444444444444,
        "support": 6
    },
    "Tele": {
        "precision": 1.0,
        "recall": 0.75,
        "f1-score": 0.8571428571428571,
        "support": 4
    },
    "micro avg": {
        "precision": 0.7817589576547231,
        "recall": 0.7523510971786834,
        "f1-score": 0.7667731629392971,
        "support": 319
    },
    "macro avg": {
        "precision": 0.6513192352267155,
        "recall": 0.5782947754000385,
        "f1-score": 0.601107649543551,
        "support": 319
    },
    "weighted avg": {
        "precision": 0.7698283500124885,
        "recall": 0.7523510971786834,
        "f1-score": 0.757004082121657,
        "support": 319
    },
    "samples avg": {
        "precision": 0.788487282463186,
        "recall": 0.7704149933065596,
        "f1-score": 0.7646586345381525,
        "support": 319
    }
}