{
    "Rule": {
        "precision": 0.8739495798319328,
        "recall": 0.8739495798319328,
        "f1-score": 0.8739495798319328,
        "support": 119
    },
    "Prec": {
        "precision": 0.8636363636363636,
        "recall": 0.9313725490196079,
        "f1-score": 0.8962264150943398,
        "support": 102
    },
    "Itpr": {
        "precision": 0.7254901960784313,
        "recall": 0.4065934065934066,
        "f1-score": 0.5211267605633803,
        "support": 91
    },
    "Princ": {
        "precision": 0.41379310344827586,
        "recall": 0.46153846153846156,
        "f1-score": 0.43636363636363634,
        "support": 26
    },
    "Class": {
        "precision": 0.18181818181818182,
        "recall": 0.2727272727272727,
        "f1-score": 0.21818181818181817,
        "support": 22
    },
    "Aut": {
        "precision": 0.4583333333333333,
        "recall": 0.7857142857142857,
        "f1-score": 0.5789473684210527,
        "support": 14
    },
    "Syst": {
        "precision": 0.0,
        "recall": 0.0,
        "f1-score": 0.0,
        "support": 6
    },
    "Tele": {
        "precision": 0.0,
        "recall": 0.0,
        "f1-score": 0.0,
        "support": 5
    },
    "micro avg": {
        "precision": 0.7240437158469946,
        "recall": 0.6883116883116883,
        "f1-score": 0.7057256990679095,
        "support": 385
    },
    "macro avg": {
        "precision": 0.43962759476831487,
        "recall": 0.46648694442812094,
        "f1-score": 0.44059944730702,
        "support": 385
    },
    "weighted avg": {
        "precision": 0.7254176734814759,
        "recall": 0.6883116883116883,
        "f1-score": 0.6937359668941288,
        "support": 385
    },
    "samples avg": {
        "precision": 0.7483221476510067,
        "recall": 0.7309843400447427,
        "f1-score": 0.7218120805369126,
        "support": 385
    }
}