{
    "Rule": {
        "precision": 0.8125,
        "recall": 0.9454545454545454,
        "f1-score": 0.8739495798319329,
        "support": 110
    },
    "Prec": {
        "precision": 0.8235294117647058,
        "recall": 0.8235294117647058,
        "f1-score": 0.8235294117647058,
        "support": 85
    },
    "Itpr": {
        "precision": 0.5957446808510638,
        "recall": 0.4057971014492754,
        "f1-score": 0.48275862068965514,
        "support": 69
    },
    "Princ": {
        "precision": 0.4117647058823529,
        "recall": 0.2916666666666667,
        "f1-score": 0.34146341463414637,
        "support": 24
    },
    "Class": {
        "precision": 0.3333333333333333,
        "recall": 0.07142857142857142,
        "f1-score": 0.11764705882352941,
        "support": 14
    },
    "Aut": {
        "precision": 0.3333333333333333,
        "recall": 0.07692307692307693,
        "f1-score": 0.125,
        "support": 13
    },
    "Syst": {
        "precision": 0.0,
        "recall": 0.0,
        "f1-score": 0.0,
        "support": 3
    },
    "Tele": {
        "precision": 0.0,
        "recall": 0.0,
        "f1-score": 0.0,
        "support": 4
    },
    "micro avg": {
        "precision": 0.7455830388692579,
        "recall": 0.65527950310559,
        "f1-score": 0.6975206611570247,
        "support": 322
    },
    "macro avg": {
        "precision": 0.4137756831455986,
        "recall": 0.3268499217108552,
        "f1-score": 0.3455435107179962,
        "support": 322
    },
    "weighted avg": {
        "precision": 0.6812538382605586,
        "recall": 0.65527950310559,
        "f1-score": 0.6550061471548067,
        "support": 322
    },
    "samples avg": {
        "precision": 0.7171314741035857,
        "recall": 0.6786188579017264,
        "f1-score": 0.6806108897742363,
        "support": 322
    }
}