{
    "Rule": {
        "precision": 0.94,
        "recall": 0.746031746031746,
        "f1-score": 0.831858407079646,
        "support": 126
    },
    "Prec": {
        "precision": 0.9342105263157895,
        "recall": 0.9342105263157895,
        "f1-score": 0.9342105263157895,
        "support": 76
    },
    "Itpr": {
        "precision": 0.5166666666666667,
        "recall": 0.5961538461538461,
        "f1-score": 0.5535714285714286,
        "support": 52
    },
    "Princ": {
        "precision": 0.35294117647058826,
        "recall": 0.3333333333333333,
        "f1-score": 0.34285714285714286,
        "support": 18
    },
    "Class": {
        "precision": 0.42857142857142855,
        "recall": 0.12,
        "f1-score": 0.1875,
        "support": 25
    },
    "Aut": {
        "precision": 0.42857142857142855,
        "recall": 0.25,
        "f1-score": 0.3157894736842105,
        "support": 12
    },
    "Syst": {
        "precision": 0.6666666666666666,
        "recall": 0.3333333333333333,
        "f1-score": 0.4444444444444444,
        "support": 6
    },
    "Tele": {
        "precision": 1.0,
        "recall": 0.5,
        "f1-score": 0.6666666666666666,
        "support": 4
    },
    "micro avg": {
        "precision": 0.7794117647058824,
        "recall": 0.664576802507837,
        "f1-score": 0.7174280879864636,
        "support": 319
    },
    "macro avg": {
        "precision": 0.658453486657821,
        "recall": 0.47663284814600604,
        "f1-score": 0.534612261202416,
        "support": 319
    },
    "weighted avg": {
        "precision": 0.7727797827594988,
        "recall": 0.664576802507837,
        "f1-score": 0.7040175835947402,
        "support": 319
    },
    "samples avg": {
        "precision": 0.785140562248996,
        "recall": 0.717536813922356,
        "f1-score": 0.7289156626506024,
        "support": 319
    }
}