{
    "Rule": {
        "precision": 0.9007633587786259,
        "recall": 0.9365079365079365,
        "f1-score": 0.9182879377431906,
        "support": 126
    },
    "Prec": {
        "precision": 0.9367088607594937,
        "recall": 0.9736842105263158,
        "f1-score": 0.9548387096774194,
        "support": 76
    },
    "Itpr": {
        "precision": 0.4827586206896552,
        "recall": 0.5384615384615384,
        "f1-score": 0.509090909090909,
        "support": 52
    },
    "Princ": {
        "precision": 0.3333333333333333,
        "recall": 0.3333333333333333,
        "f1-score": 0.3333333333333333,
        "support": 18
    },
    "Class": {
        "precision": 0.6,
        "recall": 0.12,
        "f1-score": 0.19999999999999998,
        "support": 25
    },
    "Aut": {
        "precision": 0.4666666666666667,
        "recall": 0.5833333333333334,
        "f1-score": 0.5185185185185186,
        "support": 12
    },
    "Syst": {
        "precision": 0.5,
        "recall": 0.3333333333333333,
        "f1-score": 0.4,
        "support": 6
    },
    "Tele": {
        "precision": 1.0,
        "recall": 0.75,
        "f1-score": 0.8571428571428571,
        "support": 4
    },
    "micro avg": {
        "precision": 0.7699680511182109,
        "recall": 0.7554858934169278,
        "f1-score": 0.7626582278481012,
        "support": 319
    },
    "macro avg": {
        "precision": 0.6525288550284718,
        "recall": 0.5710817106869739,
        "f1-score": 0.5864015331882785,
        "support": 319
    },
    "weighted avg": {
        "precision": 0.7629765043877443,
        "recall": 0.7554858934169278,
        "f1-score": 0.7454405737136264,
        "support": 319
    },
    "samples avg": {
        "precision": 0.8045515394912984,
        "recall": 0.7871485943775101,
        "f1-score": 0.7759036144578313,
        "support": 319
    }
}