{
    "Rule": {
        "precision": 0.7862595419847328,
        "recall": 0.9363636363636364,
        "f1-score": 0.8547717842323652,
        "support": 110
    },
    "Prec": {
        "precision": 0.8947368421052632,
        "recall": 0.8,
        "f1-score": 0.84472049689441,
        "support": 85
    },
    "Itpr": {
        "precision": 0.5569620253164557,
        "recall": 0.6376811594202898,
        "f1-score": 0.5945945945945945,
        "support": 69
    },
    "Princ": {
        "precision": 0.5,
        "recall": 0.041666666666666664,
        "f1-score": 0.07692307692307693,
        "support": 24
    },
    "Class": {
        "precision": 0.25,
        "recall": 0.07142857142857142,
        "f1-score": 0.11111111111111112,
        "support": 14
    },
    "Aut": {
        "precision": 0.2857142857142857,
        "recall": 0.15384615384615385,
        "f1-score": 0.2,
        "support": 13
    },
    "Syst": {
        "precision": 0.0,
        "recall": 0.0,
        "f1-score": 0.0,
        "support": 3
    },
    "Tele": {
        "precision": 0.0,
        "recall": 0.0,
        "f1-score": 0.0,
        "support": 4
    },
    "micro avg": {
        "precision": 0.7324414715719063,
        "recall": 0.6801242236024845,
        "f1-score": 0.7053140096618358,
        "support": 322
    },
    "macro avg": {
        "precision": 0.40920908689009217,
        "recall": 0.3301232734656648,
        "f1-score": 0.3352651329694447,
        "support": 322
    },
    "weighted avg": {
        "precision": 0.6838069771999663,
        "recall": 0.6801242236024845,
        "f1-score": 0.6610399842556568,
        "support": 322
    },
    "samples avg": {
        "precision": 0.7337317397078353,
        "recall": 0.7084993359893758,
        "f1-score": 0.703187250996016,
        "support": 322
    }
}